Book Id,Title,Author,Author l-f,Additional Authors,ISBN,ISBN13,My Rating,Average Rating,Publisher,Binding,Number of Pages,Year Published,Original Publication Year,Date Read,Date Added,Bookshelves,Bookshelves with positions,Exclusive Shelf,My Review,Spoiler,Private Notes,Read Count,Recommended For,Recommended By,Owned Copies,Original Purchase Date,Original Purchase Location,Condition,Condition Description,BCID
58684962,Getting Started with Streamlit for Data Science: Create and deploy Streamlit web applications from scratch in Python,Tyler Richards,"Richards, Tyler",,"=""180056550X""","=""9781800565500""",0,4.50,,Paperback,,2021,,,2021/09/28,to-read,to-read (#54),to-read,,,,0,,,0,,,,,
43084343,Machine Learning for Healthcare Analytics Projects: Build smart AI applications using neural network methodologies across the healthcare vertical market,Eduonix Learning Solutions,"Solutions, Eduonix Learning",,"=""""","=""""",0,0.0,Packt Publishing,Kindle Edition,134,2018,,,2021/09/27,to-read,to-read (#53),to-read,,,,0,,,0,,,,,
8247775,The Little Book That Still Beats the Market,Joel Greenblatt,"Greenblatt, Joel",,"=""0470624159""","=""9780470624159""",0,4.04,Wiley,Hardcover,208,2010,2007,,2021/09/27,to-read,to-read (#52),to-read,,,,0,,,0,,,,,
56291781,Hands-On Gradient Boosting with XGBoost and scikit-learn: Perform accessible machine learning and extreme gradient boosting with Python,Corey Wade,"Wade, Corey",Kevin Glynn,"=""""","=""""",5,4.50,,Kindle Edition,,2020,,2021/09/20,2021/09/20,,,read,"The book delivers exactly what it said: a hands-on approach to XGBoost. I really enjoy the fact that the book focus in the hyperparameter tuning.<br/>For me it is a 4.5 I deduct 0.5 because I was hoping that the difference between XGBoost and Gradient boosting would be more clearly explained. I had to use some external resource to understand it better. Nonetheless, as a hands-on book, it delivers what is supposes to",,,2,,,0,,,,,
41573140,"Hands-On Recommendation Systems with Python: Start building powerful and personalized, recommendation engines with Python",Rounak Banik,"Banik, Rounak",,"=""1788993756""","=""9781788993753""",0,3.86,Packt Publishing,Paperback,146,2018,,,2021/09/20,to-read,to-read (#51),to-read,,,,0,,,0,,,,,
4865,How to Win Friends and Influence People,Dale Carnegie,"Carnegie, Dale","ریحانه جعفری, پروین قائمی","=""""","=""""",3,4.21,Gallery Books,Paperback,288,1998,1936,2020/01/01,2017/10/26,,,read,,,,1,,,0,,,,,
18077903,"Creativity, Inc.: Overcoming the Unseen Forces That Stand in the Way of True Inspiration",Ed Catmull,"Catmull, Ed",Amy    Wallace,"=""0812993012""","=""9780812993011""",4,4.19,Random House,Hardcover,368,2014,2009,2021/09/03,2021/05/09,,,read,,,,1,,,0,,,,,
14321030,Best Practices in Data Cleaning: A Complete Guide to Everything You Need to Do Before and After Collecting Your Data,Jason W. Osborne,"Osborne, Jason W.",,"=""1412988012""","=""9781412988018""",0,4.05,"Sage Publications, Inc",Paperback,275,2012,2012,,2021/09/01,to-read,to-read (#50),to-read,,,,0,,,0,,,,,
15808128,Bad Data Handbook: Cleaning Up The Data So You Can Get Back To Work,Q. Ethan McCallum,"McCallum, Q. Ethan",,"=""1449321887""","=""9781449321888""",0,3.52,O'Reilly Media,Paperback,264,2012,2012,,2021/09/01,to-read,to-read (#49),to-read,,,,0,,,0,,,,,
29331954,Make: Drones: Teach an Arduino to Fly,David McGriffy,"McGriffy, David",,"=""1680451715""","=""9781680451719""",0,3.87,"Maker Media, Inc",Paperback,242,2016,,,2021/08/31,to-read,to-read (#48),to-read,,,,0,,,0,,,,,
30462852,"Computer Age Statistical Inference: Algorithms, Evidence, and Data Science",Bradley Efron,"Efron, Bradley",Trevor Hastie,"=""1107149894""","=""9781107149892""",0,4.40,Cambridge University Press,Hardcover,495,2016,,,2021/08/31,to-read,to-read (#47),to-read,,,,0,,,0,,,,,
43247984,Python for Finance: Mastering Data-Driven Finance,Yves Hilpisch,"Hilpisch, Yves",,"=""""","=""""",0,3.57,O'Reilly Media,Kindle Edition,722,2018,,,2021/08/27,to-read,to-read (#46),to-read,,,,0,,,0,,,,,
781182,Barbarians at the Gate: The Fall of RJR Nabisco,Bryan Burrough,"Burrough, Bryan",John Helyar,"=""0060536357""","=""9780060536350""",0,4.24,HarperBus,Paperback,592,2005,1989,,2021/08/21,to-read,to-read (#45),to-read,,,,0,,,0,,,,,
50542108,Deep Learning for Vision Systems,Mohamed Elgendy,"Elgendy, Mohamed",,"=""1617296198""","=""9781617296192""",5,4.25,Manning,Paperback,480,2020,,2021/08/18,2021/08/11,,,read,Great book if you are a beginner in the field. The concepts are explained very nicely. It has the best explanation of image segmentation of all the book I have read,,,1,,,0,,,,,
54855814,"Machine Learning for Algorithmic Trading: Predictive models to extract signals from market and alternative data for systematic trading strategies with Python, 2nd Edition",Stefan Jansen,"Jansen, Stefan",,"=""""","=""""",0,4.06,,Kindle Edition,,2020,,,2021/08/17,to-read,to-read (#44),to-read,,,,0,,,0,,,,,
55554018,Pandas in Action,Boris Paskhaver,"Paskhaver, Boris",,"=""1617297437""","=""9781617297434""",0,0.0,Manning,Paperback,440,2021,,,2021/08/15,to-read,to-read (#43),to-read,,,,0,,,0,,,,,
43506164,"Practical Deep Learning for Cloud, Mobile, and Edge: Real-World AI & Computer-Vision Projects Using Python, Keras & Tensorflow",Anirudh Koul,"Koul, Anirudh","Siddha Ganju, Meher Kasam","=""149203486X""","=""9781492034865""",0,4.72,O'Reilly Media,Paperback,620,2019,,,2021/08/14,to-read,to-read (#42),to-read,,,,0,,,0,,,,,
50204679,Tinyml: Machine Learning with Tensorflow Lite on Arduino and Ultra-Low-Power Microcontrollers,Pete Warden,"Warden, Pete",Daniel Situnayake,"=""1492052043""","=""9781492052043""",0,4.46,O'Reilly Media,Paperback,504,2019,,,2021/08/08,to-read,to-read (#41),to-read,,,,0,,,0,,,,,
48816582,Practical Natural Language Processing: A Comprehensive Guide to Building Real-world NLP systems,Sowmya Vajjala,"Vajjala, Sowmya","Bodhisattwa Majumder, Anuj Gupta, Harshit Surana","=""1492054054""","=""9781492054054""",0,4.10,O'Reilly Media,Paperback,456,2020,,,2021/08/08,to-read,to-read (#40),to-read,,,,0,,,0,,,,,
41881472,The Psychology of Money,Morgan Housel,"Housel, Morgan",,"=""""","=""""",0,4.38,Harriman House,Paperback,252,2020,2020,,2021/08/08,to-read,to-read (#39),to-read,,,,0,,,0,,,,,
51163446,Building Machine Learning Pipelines: Automating Model Life Cycles with Tensorflow,Hannes Hapke,"Hapke, Hannes",Catherine Nelson,"=""1492053198""","=""9781492053194""",0,3.69,O'Reilly Media,Paperback,366,2020,,,2021/08/08,to-read,to-read (#38),to-read,,,,0,,,0,,,,,
37761872,Natural Language Processing in Action,Hobson Lane,"Lane, Hobson","Cole Howard, Hannes Hapke","=""1617294632""","=""9781617294631""",0,4.07,Manning Publications,Paperback,544,2019,,,2021/08/06,to-read,to-read (#37),to-read,,,,0,,,0,,,,,
54968118,"The Code Breaker: Jennifer Doudna, Gene Editing, and the Future of the Human Race",Walter Isaacson,"Isaacson, Walter",,"=""1982115858""","=""9781982115852""",0,4.35,Simon  Schuster,Hardcover,536,2021,2021,,2021/08/06,to-read,to-read (#36),to-read,,,,0,,,0,,,,,
55275944,Machine Learning Engineering,Andriy Burkov,"Burkov, Andriy",,"=""""","=""""",0,4.24,,Kindle Edition,,2020,,,2021/08/06,to-read,to-read (#35),to-read,,,,0,,,0,,,,,
50705179,Numbers Don't Lie: 71 Things You Need to Know About the World,Vaclav Smil,"Smil, Vaclav",,"=""0241454417""","=""9780241454411""",0,3.88,Viking,Hardcover,384,2020,2020,,2021/08/05,to-read,to-read (#34),to-read,,,,0,,,0,,,,,
26535513,Storytelling with Data: A Data Visualization Guide for Business Professionals,Cole Nussbaumer Knaflic,"Knaflic, Cole Nussbaumer",,"=""1119002257""","=""9781119002253""",0,4.40,Wiley,Paperback,288,2015,2015,,2021/08/02,to-read,to-read (#33),to-read,,,,0,,,0,,,,,
25366604,"The Neurogenesis Diet and Lifestyle: Upgrade Your Brain, Upgrade Your Life",Brant Cortright,"Cortright, Brant",,"=""""","=""""",0,4.23,Psyche Media,Kindle Edition,294,2015,2015,,2021/07/29,to-read,to-read (#32),to-read,,,,0,,,0,,,,,
52160040,"Advanced Deep Learning with TensorFlow 2 and Keras: Apply DL, GANs, VAEs, deep RL, unsupervised learning, object detection and segmentation, and more, 2nd Edition",Rowel Atienza,"Atienza, Rowel",,"=""""","=""9781838821654""",0,4.50,,kindle_edition,,2020,,,2021/07/27,currently-reading,currently-reading (#7),currently-reading,,,,1,,,0,,,,,
38242135,"AI Superpowers: China, Silicon Valley, and the New World Order",Kai-Fu Lee,"Lee, Kai-Fu",,"=""132854639X""","=""9781328546395""",4,4.11,Mariner Books,Hardcover,255,2018,2018,2021/07/28,2021/06/26,,,read,"First few chapters are quite insightful. The last few focus on conjecturing about the future. However, it is too filled with the author's bias view",,,1,,,0,,,,,
51278619,Hands-On Computer Vision with TensorFlow 2: Leverage deep learning to create powerful image processing apps with TensorFlow 2.0 and Keras,Benjamin Planche,"Planche, Benjamin",Eliot Andres,"=""""","=""""",0,4.50,Packt Publishing,Kindle Edition,372,2019,,,2021/07/27,to-read,to-read (#31),to-read,,,,0,,,0,,,,,
40717503,Generative Adversarial Networks Projects: Build next-generation generative models using TensorFlow and Keras,Kailash Ahirwar,"Ahirwar, Kailash",,"=""""","=""""",1,3.00,Packt Publishing,Kindle Edition,316,2019,,,2021/07/26,,,read,"I don't see the point of this book. If it was to show the theory behind, then the book just threw a bunch of concept together without explaining how they work, when to use them, etc. If it is to show how to code these projects, then the code level is very poor. A prime example is chapter 3, where the load_images function is obviously poorly constructed, leading to hours of waste time running that 1 function. A number of issue has been mentioned on github, but the author is unresponsive. It seems like the author himself has given up on this",,,1,,,0,,,,,
30741739,Machine Learning Yearning,Andrew Ng,"Ng, Andrew",,"=""""","=""""",0,4.30,,ebook,118,,,,2021/07/23,to-read,to-read (#30),to-read,,,,0,,,0,,,,,
37773354,"Deep Reinforcement Learning Hands-On: Apply modern RL methods, with deep Q-networks, value iteration, policy gradients, TRPO, AlphaGo Zero and more",Maxim Lapan,"Lapan, Maxim",,"=""""","=""""",0,4.32,Packt Publishing,Kindle Edition,546,2018,,,2021/07/17,to-read,to-read (#29),to-read,,,,0,,,0,,,,,
50075895,Deep Reinforcement Learning in Action,Alexander Zai,"Zai, Alexander",Brandon Brown,"=""1617295434""","=""9781617295430""",0,4.20,Manning,Paperback,325,2020,,,2021/07/17,to-read,to-read (#28),to-read,,,,0,,,0,,,,,
55275019,"Machine Learning Design Patterns: Solutions to Common Challenges in Data Preparation, Model Building, and MLOps",Valliappa Lakshmanan,"Lakshmanan, Valliappa","Sara Robinson, Michael Munn","=""1098115783""","=""9781098115784""",0,4.21,O'Reilly Media,Paperback,400,2020,,,2021/07/17,to-read,to-read (#27),to-read,,,,0,,,0,,,,,
55624521,Dive into Deep Learning,Aston Zhang,"Zhang, Aston","Zachary C. Lipton, Mu Li, Alexander J. Smola","=""""","=""""",0,4.38,,ebook,979,2020,,,2021/07/15,currently-reading,currently-reading (#6),currently-reading,,,,1,,,0,,,,,
36703132,Advances in Financial Machine Learning,Marcos López de Prado,"Prado, Marcos López de",,"=""1119482119""","=""9781119482116""",0,4.19,Wiley,ebook,400,2018,2018,,2021/07/09,to-read,to-read (#26),to-read,,,,0,,,0,,,,,
25752783,Web Scraping with Python: Collecting Data from the Modern Web,Ryan Mitchell,"Mitchell, Ryan",,"=""""","=""""",0,4.21,O'Reilly Media,Kindle Edition,256,2015,2015,,2021/07/09,to-read,to-read (#25),to-read,,,,0,,,0,,,,,
44144492,"Generative Deep Learning: Teaching Machines to Paint, Write, Compose, and Play",David        Foster,"Foster, David",,"=""1492041947""","=""9781492041948""",3,4.26,O'Reilly Media,Paperback,330,2019,,,2021/07/08,,,read,"I would definitely rate this book higher once the code base is documented. Overall, the concept explained is done very well. However, the level of details, and shall I say effort, are not the same in the latter part of the book. Especially for the generating music chapter. I understand that the book goes over quickly on a few part, otherwise it would be a few hundred of pages more ( I wouldn't mind that at all, considering how well the author explains the concept when he tries to do so). But some parts are just very difficult to understand without the proper documentation of the code, and any explanation in the book. I hope the author will start commenting his code on git hub soon enough, allowing for more readers to have a clearer understanding of what is going on under the hood",,,1,,,0,,,,,
48930266,Seven and a Half Lessons About the Brain,Lisa Feldman Barrett,"Barrett, Lisa Feldman",,"=""0358157145""","=""9780358157144""",0,4.09,Mariner Books,Hardcover,192,2020,2020,,2021/07/08,to-read,to-read (#24),to-read,,,,0,,,0,,,,,
50204636,Building Machine Learning Powered Applications: Going from Idea to Product,Emmanuel Ameisen,"Ameisen, Emmanuel",,"=""149204511X""","=""9781492045113""",0,4.27,O'Reilly Media,Paperback,256,2020,,,2021/07/08,to-read,to-read (#23),to-read,,,,0,,,0,,,,,
33357752,Spanish Short Stories For Intermediate Learners: 8 Unconventional Short Stories to Grow Your Vocabulary and Learn Spanish the Fun Way!,Olly Richards,"Richards, Olly",,"=""""","=""""",5,4.22,,Kindle Edition,217,2016,,2021/06/30,2021/06/29,,,read,very enjoyable read. help expand my vocabulary by a lot,,,2,,,0,,,,,
28186015,Weapons of Math Destruction: How Big Data Increases Inequality and Threatens Democracy,Cathy O'Neil,"O'Neil, Cathy",,"=""0553418815""","=""9780553418811""",3,3.88,Crown,Hardcover,259,2016,2016,,2021/04/24,,,read,"First part was interesting. Afterward it was rather repetitive. The author focuses too much on touching on as many area as possible, rather than giving convincing argument. Some points are poorly made, and it is quite clear that the author has limited knowledge on these topics",,,1,,,0,,,,,
52661559,Build a Career in Data Science,Emily  Robinson,"Robinson, Emily",Jacqueline Nolis,"=""1617296244""","=""9781617296246""",0,4.47,MEAP,Hardcover,250,2020,,,2021/06/26,to-read,to-read (#22),to-read,,,,0,,,0,,,,,
20696006,Being Mortal: Medicine and What Matters in the End,Atul Gawande,"Gawande, Atul",,"=""0805095152""","=""9780805095159""",5,4.43,Metropolitan Books,Hardcover,282,2014,2014,,2021/06/26,,,read,,,,1,,,0,,,,,
41724711,Deep Learning for Computer Vision with Python — Practitioner Bundle,Adrian Rosebrock,"Rosebrock, Adrian",,"=""""","=""""",2,4.41,,ebook,280,2017,,,2021/06/17,,,read,"substantially worse. I fail to see the point of this second book. a lot of topics introduced, such as image augmentation and transfer learning  are rather simple.  The book fails to actually go to more advance topic. Instead, it just introduces different architecture for CNN, while introducing these differences in a very shallow way. The part on different optimization, he literally throw in there 4-5 new optimization, without really showing the difference in performance",,,1,,,0,,,,,
37846923,Deep Learning for Computer Vision with Python — Starter Bundle,Adrian Rosebrock,"Rosebrock, Adrian",,"=""""","=""""",4,4.34,,ebook,330,2017,2017,2021/06/14,2021/06/14,,,read,,,,1,,,0,,,,,
148009,"The Elements of Statistical Learning: Data Mining, Inference, and Prediction",Trevor Hastie,"Hastie, Trevor","Robert Tibshirani, Jerome Friedman","=""0387952845""","=""9780387952840""",0,4.41,Springer,Hardcover,533,2003,2001,,2021/05/28,to-read,to-read (#21),to-read,,,,0,,,0,,,,,
27276428,The Gene: An Intimate History,Siddhartha Mukherjee,"Mukherjee, Siddhartha",,"=""""","=""""",0,4.32,Scribner,Hardcover,592,2016,2016,,2021/05/09,to-read,to-read (#20),to-read,,,,0,,,0,,,,,
23463279,Designing Data-Intensive Applications,Martin Kleppmann,"Kleppmann, Martin",,"=""""","=""""",0,4.72,O'Reilly,ebook,562,,2015,,2021/05/09,to-read,to-read (#19),to-read,,,,0,,,0,,,,,
22091581,Traction: A Startup Guide to Getting Customers,Gabriel Weinberg,"Weinberg, Gabriel",Justin Mares,"=""0976339609""","=""9780976339601""",3,4.09,S-curve Publishing,Hardcover,288,2014,2014,2021/05/03,2021/03/11,,,read,,,,1,,,0,,,,,
44525305,The Ride of a Lifetime: Lessons Learned from 15 Years as CEO of the Walt Disney Company,Robert Iger,"Iger, Robert",Joel Lovell,"=""""","=""""",5,4.38,Random House,Hardcover,272,2019,2019,2021/05/03,2021/04/15,,,read,,,,1,,,0,,,,,
411722,All of Statistics: A Concise Course in Statistical Inference,Larry Wasserman,"Wasserman, Larry",,"=""0387402721""","=""9780387402727""",0,4.21,Springer,Hardcover,442,2004,2003,,2021/04/23,currently-reading,currently-reading (#5),currently-reading,,,,1,,,0,,,,,
19148900,Understanding Machine Learning,Shai Shalev-Shwartz,"Shalev-Shwartz, Shai",Shai Ben-David,"=""1107057132""","=""9781107057135""",0,4.25,Cambridge University Press,Hardcover,410,2014,2014,,2021/04/20,to-read,to-read (#18),to-read,,,,0,,,0,,,,,
14744694,Python for Data Analysis,Wes McKinney,"McKinney, Wes",,"=""1449319793""","=""9781449319793""",4,4.14,O'Reilly Media,Paperback,400,2012,2011,,2021/04/20,,,read,,,,1,,,0,,,,,
44573628,Super Pumped: The Battle for Uber,Mike Isaac,"Isaac, Mike",,"=""0393652246""","=""9780393652246""",0,4.11,W. W. Norton  Company,Hardcover,387,2019,2019,,2021/04/15,to-read,to-read (#17),to-read,,,,0,,,0,,,,,
11865558,Venture Deals,Brad Feld,"Feld, Brad",Jason Mendelson,"=""0470929820""","=""9780470929827""",0,4.07,John Wiley & Sons,Hardcover,219,2011,2011,,2021/04/01,to-read,to-read (#16),to-read,,,,0,,,0,,,,,
56668328,"The Bomber Mafia: A Dream, a Temptation, and the Longest Night of the Second World War",Malcolm Gladwell,"Gladwell, Malcolm",,"=""0316296619""","=""9780316296618""",0,4.06,"Little, Brown and Company",Hardcover,256,2021,2021,,2021/03/30,to-read,to-read (#15),to-read,,,,0,,,0,,,,,
50748232,The Innovation Stack: Building an Unbeatable Business One Crazy Idea at a Time,Jim McKelvey,"McKelvey, Jim",,"=""0593086732""","=""9780593086735""",0,4.22,Portfolio,Hardcover,288,2020,,,2021/03/29,to-read,to-read (#14),to-read,,,,0,,,0,,,,,
12609433,The Power of Habit: Why We Do What We Do in Life and Business,Charles Duhigg,"Duhigg, Charles",,"=""1400069289""","=""9781400069286""",0,4.11,Random House,Hardcover,375,2012,2012,,2021/03/11,to-read,to-read (#13),to-read,,,,0,,,0,,,,,
36607149,Explosive Growth: A Few Things I Learned While Growing To 100 Million Users - And Losing $78 Million,Cliff Lerner,"Lerner, Cliff",,"=""""","=""""",4,4.24,Clifford Ventures Corporation,Kindle Edition,314,2017,2017,2021/03/10,2021/01/19,,,read,,,,1,,,0,,,,,
26270488,"Lessons in Corporate Finance: A Case Studies Approach to Financial Tools, Financial Policies, and Valuation",Paul Asquith,"Asquith, Paul",Lawrence A. Weiss,"=""111920741X""","=""9781119207412""",0,4.53,Wiley,Hardcover,496,2016,2016,,2021/03/08,to-read,to-read (#12),to-read,,,,0,,,0,,,,,
6289283,"Born to Run: A Hidden Tribe, Superathletes, and the Greatest Race the World Has Never Seen",Christopher McDougall,"McDougall, Christopher",,"=""""","=""""",0,4.29,Knopf,Hardcover,287,2009,2009,,2021/02/24,to-read,to-read (#11),to-read,,,,0,,,0,,,,,
17986418,Naked Statistics: Stripping the Dread from the Data,Charles Wheelan,"Wheelan, Charles",,"=""039334777X""","=""9780393347777""",4,3.94,W. W. Norton  Company,Paperback,304,2014,2012,,2021/02/21,,,read,,,,1,,,0,,,,,
22668729,Hooked: How to Build Habit-Forming Products,Nir   Eyal,"Eyal, Nir",,"=""1591847788""","=""9781591847786""",4,4.09,Portfolio,Hardcover,256,2014,2013,,2021/02/21,,,read,,,,1,,,0,,,,,
26457146,Python Data Science Handbook: Tools and Techniques for Developers,Jake Vanderplas,"Vanderplas, Jake",,"=""1491912057""","=""9781491912058""",0,4.31,O'Reilly Media,Paperback,500,2016,2016,,2021/02/07,to-read,to-read (#10),to-read,,,,0,,,0,,,,,
18176747,The Hard Thing About Hard Things: Building a Business When There Are No Easy Answers,Ben Horowitz,"Horowitz, Ben",,"=""0062273205""","=""9780062273208""",4,4.23,Harper Business,Hardcover,304,2014,2014,2021/01/22,2020/09/09,,,read,,,,1,,,0,,,,,
35249663,Inspired: How to Create Tech Products Customers Love,Marty Cagan,"Cagan, Marty",,"=""1119387507""","=""9781119387503""",0,4.23,Wiley,Hardcover,349,2017,2008,,2020/12/18,to-read,to-read (#9),to-read,,,,0,,,0,,,,,
51070490,"Ready, Set, Growth hack: A beginners guide to growth hacking success",Nader Sabry,"Sabry, Nader",,"=""""","=""""",0,4.89,,Kindle Edition,177,2020,,,2020/12/07,to-read,to-read (#8),to-read,,,,0,,,0,,,,,
31625067,Hacking Growth: How Today's Fastest-Growing Companies Drive Breakout Success,Sean     Ellis,"Ellis, Sean",Morgan  Brown,"=""045149721X""","=""9780451497215""",5,4.06,Currency,Hardcover,320,2017,2017,2020/12/05,2020/09/24,,,read,,,,2,,,0,,,,,
6912295,Viral Loop,Adam L. Penenberg,"Penenberg, Adam L.",,"=""0340994967""","=""9780340994962""",0,3.64,Hyperion Books,Paperback,274,2009,2009,,2020/11/24,currently-reading,currently-reading (#4),currently-reading,,,,1,,,0,,,,,
1864850,Learning SQL,Alan Beaulieu,"Beaulieu, Alan",,"=""0596007272""","=""9780596007270""",3,3.91,O'Reilly Media,Paperback,289,2005,2005,2020/11/18,2020/11/18,,,read,"Good beginner guide. However, for a beginner guide, more exercises would have been very beneficial",,,1,,,0,,,,,
49099937,No Rules Rules: Netflix and the Culture of Reinvention,Reed Hastings,"Hastings, Reed",Erin Meyer,"=""0593152387""","=""9780593152386""",0,4.33,Random House Large Print Publishing,Paperback,464,2020,2020,,2020/10/22,to-read,to-read (#7),to-read,,,,0,,,0,,,,,
48930275,How I Built This: The Unexpected Paths to Success from the World’s Most Inspiring Entrepreneurs,Guy Raz,"Raz, Guy",,"=""0358216761""","=""9780358216766""",5,4.23,Mariner Books,Hardcover,320,2020,,2020/10/22,2020/10/22,,,read,"Very well written book. As someone who has just started his own business, this book helps me reflecting on my current path, what I need, what I could do better, and most importantly, why am I pursuing this path",,,1,,,0,,,,,
840,The Design of Everyday Things,Donald A. Norman,"Norman, Donald A.",,"=""0465067107""","=""9780465067107""",5,4.13,Basic Books,Paperback,240,2002,1988,2020/10/08,2020/09/22,,,read,,,,1,,,0,,,,,
25814544,Sprint: How to Solve Big Problems and Test New Ideas in Just Five Days,Jake Knapp,"Knapp, Jake","John Zeratsky, Brad Kowitz","=""""","=""9781501121746""",0,4.19,Simon  Schuster,Hardcover,274,2016,2016,,2020/09/24,to-read,to-read (#6),to-read,,,,0,,,0,,,,,
45166937,"Obviously Awesome: How to Nail Product Positioning so Customers Get It, Buy It, Love It",April Dunford,"Dunford, April",,"=""""","=""""",0,4.31,Ambient Press,Kindle Edition,,2019,,,2020/09/24,to-read,to-read (#5),to-read,,,,0,,,0,,,,,
6018080,The Complete Cosmicomics,Italo Calvino,"Calvino, Italo","Martin L. McLaughlin, Jefferson Mays, Tim Parks, William Weaver","=""1846141656""","=""9781846141652""",4,4.18,Penguin Books,Hardcover,402,2009,1997,2019/11/21,2019/01/24,,,read,,,,1,,,0,,,,,
18050143,"Zero to One: Notes on Startups, or How to Build the Future",Peter Thiel,"Thiel, Peter",Blake  Masters,"=""0804139296""","=""9780804139298""",5,4.17,Crown Business,Hardcover,195,2014,2014,2020/07/26,2017/10/26,,,read,,,,1,,,0,,,,,
17660462,The Everything Store: Jeff Bezos and the Age of Amazon,Brad Stone,"Stone, Brad",,"=""0316219266""","=""9780316219266""",5,4.11,"Little, Brown and Company",Hardcover,384,2013,2013,,2020/09/08,,,read,,,,1,,,0,,,,,
21413662,What If? Serious Scientific Answers to Absurd Hypothetical Questions,Randall Munroe,"Munroe, Randall",,"=""0544272994""","=""9780544272996""",0,4.12,Mariner Books,Hardcover,303,2014,2014,,2020/07/14,currently-reading,currently-reading (#3),currently-reading,,,,1,,,0,,,,,
40277241,Brief Answers to the Big Questions,Stephen Hawking,"Hawking, Stephen",,"=""1984819194""","=""9781984819192""",5,4.30,Bantam,Hardcover,256,2018,2018,2020/07/13,2020/07/04,,,read,,,,2,,,0,,,,,
37638098,Creative Selection: Inside Apple's Design Process During the Golden Age of Steve Jobs,Ken Kocienda,"Kocienda, Ken",,"=""1250194466""","=""9781250194466""",5,4.05,St. Martin's Press,Hardcover,264,2018,2018,2020/07/08,2020/05/31,,,read,,,,1,,,0,,,,,
15056959,Case Interview Secrets: A Former McKinsey Interviewer Reveals How to Get Multiple Job Offers in Consulting,Victor Cheng,"Cheng, Victor",,"=""0984183523""","=""9780984183524""",5,4.14,Innovation Press,Paperback,292,2012,2012,2020/06/03,2020/06/03,,,read,,,,1,,,0,,,,,
35696171,"Enlightenment Now: The Case for Reason, Science, Humanism, and Progress",Steven Pinker,"Pinker, Steven",,"=""0525427570""","=""9780525427575""",5,4.22,Viking,Hardcover,576,2018,2018,2020/06/02,2020/04/29,,,read,,,,1,,,0,,,,,
39074550,Humble Pi: A Comedy of Maths Errors,Matt    Parker,"Parker, Matt",,"=""0241360196""","=""9780241360194""",5,4.12,Allen Lane,Paperback,314,2019,2019,,2020/06/01,,,read,,,,1,,,0,,,,,
34684622,Leonardo da Vinci,Walter Isaacson,"Isaacson, Walter",,"=""1501139150""","=""9781501139154""",0,4.13,Simon & Schuster,Hardcover,600,2017,2017,,2020/04/09,to-read,to-read (#3),to-read,,,,0,,,0,,,,,
12035933,Accounts Demystified: The Astonishingly Simple Guide to Accounting,Anthony Rice,"Rice, Anthony",,"=""0273744704""","=""9780273744702""",3,3.87,Pearson,Paperback,261,2011,2003,2020/03/31,2020/03/31,,,read,"Although the conversation writing method in the book makes it simpler to follow in most part, a lot of time, however, it makes the information fragmented and hard to follow",,,1,,,0,,,,,
76865,Good to Great: Why Some Companies Make the Leap... and Others Don't,James C. Collins,"Collins, James C.",,"=""0066620996""","=""9780066620992""",4,4.12,Harper Business,Hardcover,300,2001,2001,2020/03/22,2020/03/22,,,read,"Good book. I don't agree with all the example since some feel forced. For instance, the example with the Vietnamese war and the use of M16. They use M16 because that what they can get their hands on, not a matter of choice<br/>",,,1,,,0,,,,,
32191710,Astrophysics for People in a Hurry,Neil deGrasse Tyson,"Tyson, Neil deGrasse",,"=""0393609391""","=""9780393609394""",5,4.07,W. W. Norton  Company,Hardcover,208,2017,2017,,2020/03/11,,,read,,,,1,,,0,,,,,
20958539,"Unlimited Memory: How to Use Advanced Learning Strategies to Learn Faster, Remember More and be More Productive (Mental Mastery Book 1)",Kevin Horsley,"Horsley, Kevin",,"=""""","=""""",5,3.93,TCK Publishing,Kindle Edition,136,2014,2014,,2020/02/18,,,read,,,,1,,,0,,,,,
43611499,The Body: A Guide for Occupants,Bill Bryson,"Bryson, Bill",,"=""""","=""""",5,4.30,Anchor,Kindle Edition,478,2019,2019,2020/01/28,2019/11/21,,,read,,,,1,,,0,,,,,
23110596,"Lịch sử Việt Nam, từ nguồn gốc đến giữa thế kỷ XX",Lê Thành Khôi,"Khôi, Lê Thành","Nguyễn Nghị, Nguyễn Thừa Hỷ","=""""","=""9786047709502""",0,4.31,Nhã Nam & NXB Thế Giới,Paperback,621,2014,2014,,2019/12/15,currently-reading,currently-reading (#2),currently-reading,,,,1,,,0,,,,,
39021102,"HBR's 10 Must Reads 2019: The Definitive Management Ideas of the Year from Harvard Business Review (with bonus article ""Now What?"" by Joan C. Williams and Suzanne Lebsock) (HBR's 10 Must Reads)",Harvard Business Review,"Review, Harvard Business",,"=""""","=""""",0,3.69,Harvard Business Review Press,Kindle Edition,272,2018,,,2018/12/26,currently-reading,currently-reading (#1),currently-reading,,,,1,,,0,,,,,
43848929,Talking to Strangers: What We Should Know About the People We Don’t Know,Malcolm Gladwell,"Gladwell, Malcolm",,"=""0316478520""","=""9780316478526""",5,4.02,"Little, Brown and Company",Hardcover,388,2019,2019,,2019/10/08,,,read,,,,1,,,0,,,,,
11468377,"Thinking, Fast and Slow",Daniel Kahneman,"Kahneman, Daniel",,"=""0374275637""","=""9780374275631""",4,4.16,"Farrar, Straus and Giroux",Hardcover,499,2011,2011,2019/09/10,2019/07/15,,,read,,,,1,,,0,,,,,
12391521,The Psychopath Test: A Journey Through the Madness Industry,Jon Ronson,"Ronson, Jon",,"=""1594485755""","=""9781594485756""",4,3.94,Riverhead Books,Paperback,275,2012,2011,,2019/07/11,,,read,,,,1,,,0,,,,,
35876360,The Big Ones: How Natural Disasters Have Shaped Us and What We Can Do about Them,Lucy    Jones,"Jones, Lucy",,"=""0385542704""","=""9780385542708""",4,4.13,Doubleday Books,Hardcover,242,2018,2018,2019/06/14,2019/01/24,,,read,,,,1,,,0,,,,,
18628760,Invisible Cities,Italo Calvino,"Calvino, Italo",,"=""""","=""""",5,4.10,Houghton Mifflin Harcourt,Kindle Edition,165,2013,1972,2019/01/24,2019/01/16,,,read,,,,1,,,0,,,,,
34466963,Why We Sleep: Unlocking the Power of Sleep and Dreams,Matthew Walker,"Walker, Matthew",,"=""""","=""""",5,4.35,Scribner,Hardcover,368,2017,2017,2019/05/04,2019/03/29,,,read,,,,1,,,0,,,,,
38820046,21 Lessons for the 21st Century,Yuval Noah Harari,"Harari, Yuval Noah",,"=""0525512179""","=""9780525512172""",2,4.16,Random House,Hardcover,372,2018,2018,2019/02/22,2019/01/30,,,read,,,,1,,,0,,,,,
34890015,Factfulness: Ten Reasons We're Wrong About the World – and Why Things Are Better Than You Think,Hans Rosling,"Rosling, Hans","Ola Rosling, Anna Rosling Rönnlund","=""1473637465""","=""9781473637467""",2,4.33,Sceptre,Hardcover,342,2018,2018,2019/01/30,2019/01/22,,,read,,,,1,,,0,,,,,
61535,The Selfish Gene,Richard Dawkins,"Dawkins, Richard",,"=""0199291152""","=""9780199291151""",0,4.14,"Oxford University Press, USA",Paperback,360,2006,1976,,2019/01/22,to-read,to-read (#2),to-read,,,,0,,,0,,,,,
31138556,Homo Deus: A History of Tomorrow,Yuval Noah Harari,"Harari, Yuval Noah",,"=""""","=""""",4,4.21,Harper,Kindle Edition,450,2017,2015,2019/01/16,2019/01/13,,,read,,,,1,,,0,,,,,
37976541,Bad Blood: Secrets and Lies in a Silicon Valley Startup,John Carreyrou,"Carreyrou, John",,"=""152473165X""","=""9781524731656""",5,4.38,Knopf Publishing Group,Hardcover,339,2018,2018,2019/01/12,2018/12/04,,,read,,,,1,,,0,,,,,
17331349,Think Like a Freak,Steven D. Levitt,"Levitt, Steven D.",Stephen J. Dubner,"=""0062218360""","=""9780062218360""",3,3.84,William Morrow,ebook,304,2014,2014,,2019/01/02,,,read,,,,1,,,0,,,,,
28815,Influence: The Psychology of Persuasion,Robert B. Cialdini,"Cialdini, Robert B.",,"=""006124189X""","=""9780061241895""",4,4.18,Harper Business,Paperback,320,2006,1984,,2019/01/02,,,read,,,,1,,,0,,,,,
23692271,Sapiens: A Brief History of Humankind,Yuval Noah Harari,"Harari, Yuval Noah",Prottasha Prachurjo Sayed Fayej Ahmed,"=""""","=""""",4,4.39,Vintage,Paperback,512,2015,2011,,2018/08/22,,,read,,,,1,,,0,,,,,
11084145,Steve Jobs,Walter Isaacson,"Isaacson, Walter",,"=""1451648537""","=""9781451648539""",5,4.14,Simon & Schuster,Hardcover,627,2011,2011,2018/12/26,2017/10/27,,,read,"As someone who has always hated steve jobs for what he represents (stubborn, self-absorb, toxic etc.) I came to understand, thanks to this book, how big of a contribution he made to this world.",,,1,,,0,,,,,
1202,Freakonomics: A Rogue Economist Explores the Hidden Side of Everything,Steven D. Levitt,"Levitt, Steven D.",Stephen J. Dubner,"=""0061234001""","=""9780061234002""",5,3.99,William Morrow,Hardcover,268,2006,2005,,2018/12/03,,,read,,,,1,,,0,,,,,
6402364,"SuperFreakonomics: Global Cooling, Patriotic Prostitutes And Why Suicide Bombers Should Buy Life Insurance",Steven D. Levitt,"Levitt, Steven D.",Stephen J. Dubner,"=""0060889578""","=""9780060889579""",5,3.99,William Morrow,Hardcover,270,2009,2009,,2018/08/04,,,read,,,,1,,,0,,,,,
25541028,"Elon Musk: Tesla, SpaceX, and the Quest for a Fantastic Future",Ashlee Vance,"Vance, Ashlee",Эшли Вэнс,"=""0062301233""","=""9780062301239""",5,4.21,Ecco,Hardcover,392,2015,2015,,2018/07/22,,,read,,,,1,,,0,,,,,
6687247,Too Big to Fail: The Inside Story of How Wall Street and Washington Fought to Save the Financial System from Crisis — and Themselves,Andrew Ross Sorkin,"Sorkin, Andrew Ross",,"=""0670021253""","=""9780670021253""",4,4.12,Viking,Hardcover,600,2009,2009,,2018/07/08,,,read,,,,1,,,0,,,,,
22124291,How to Be Here: A Guide to Creating a Life Worth Living,Rob Bell,"Bell, Rob",,"=""0062356291""","=""9780062356291""",3,3.94,HarperOne,Hardcover,210,2016,2016,,2018/07/08,,,read,,,,1,,,0,,,,,
31170723,Behave: The Biology of Humans at Our Best and Worst,Robert M. Sapolsky,"Sapolsky, Robert M.",,"=""1594205078""","=""9781594205071""",5,4.42,Penguin Press,Hardcover,790,2017,2017,,2017/11/01,,,read,,,,1,,,0,,,,,
8520610,Quiet: The Power of Introverts in a World That Can't Stop Talking,Susan Cain,"Cain, Susan",Carlo Prosperi,"=""0307352145""","=""9780307352149""",3,4.05,"Crown Publishing Group/Random House, Inc.",Hardcover,352,2012,2012,2018/01/01,2018/02/24,,,read,,,,1,,,0,,,,,
6516450,What the Dog Saw and Other Adventures,Malcolm Gladwell,"Gladwell, Malcolm",,"=""0316078573""","=""9780316078573""",4,3.85,"Little, Brown and Company",Hardcover,444,2009,2009,2018/01/01,2018/01/29,,,read,,,,1,,,0,,,,,
13356717,Sell or Be Sold: How to Get Your Way in Business and in Life,Grant Cardone,"Cardone, Grant",,"=""1608322564""","=""9781608322565""",3,4.08,Greenleaf Book Group Press,Hardcover,256,2012,2008,2018/01/01,2018/01/10,,,read,,,,1,,,0,,,,,
26156469,Never Split the Difference: Negotiating As If Your Life Depended On It,Chris Voss,"Voss, Chris",Tahl Raz,"=""0062407805""","=""9780062407801""",5,4.37,Harper Business,Hardcover,274,2016,2016,2018/01/01,2018/01/10,,,read,,,,2,,,0,,,,,
27220736,Shoe Dog: A Memoir by the Creator of Nike,Phil Knight,"Knight, Phil",,"=""1501135910""","=""9781501135910""",5,4.46,Scribner,Hardcover,400,2016,2016,,2017/10/27,,,read,,,,1,,,0,,,,,
16256798,The One Thing: The Surprisingly Simple Truth Behind Extraordinary Results,Gary Keller,"Keller, Gary",Jay Papasan,"=""1885167776""","=""9781885167774""",2,4.08,Bard Press (TX),Hardcover,240,2013,2013,2017/01/01,2017/10/26,,,read,,,,1,,,0,,,,,
34951036,The Inversion Factor: How to Thrive in the IoT Economy,Linda Bernardi,"Bernardi, Linda","Sanjay Sarma, Kenneth Traub","=""0262037270""","=""9780262037273""",3,3.68,MIT Press,Hardcover,240,2017,,2017/01/01,2017/11/27,,,read,,,,1,,,0,,,,,
24724602,Flash Boys: A Wall Street Revolt,Michael   Lewis,"Lewis, Michael",,"=""0393351599""","=""9780393351590""",5,4.13,W. W. Norton  Company,Paperback,304,2015,2014,2017/11/27,2017/11/18,,,read,,,,1,,,0,,,,,
29238799,Pre-Suasion: A Revolutionary Way to Influence and Persuade,Robert B. Cialdini,"Cialdini, Robert B.",,"=""1501109790""","=""9781501109799""",3,3.99,Simon  Schuster,Hardcover,432,2016,2016,2017/11/01,2017/11/02,,,read,,,,1,,,0,,,,,
7865083,Liar's Poker,Michael   Lewis,"Lewis, Michael",,"=""039333869X""","=""9780393338690""",0,4.14,W. W. Norton  Company,Paperback,310,2010,1989,,2017/11/18,to-read,to-read (#1),to-read,,,,0,,,0,,,,,
26889576,The Big Short: Inside the Doomsday Machine,Michael   Lewis,"Lewis, Michael",,"=""039335315X""","=""9780393353150""",5,4.26,W. W. Norton  Company,Paperback,320,2015,2010,2017/01/01,2017/11/14,,,read,,,,1,,,0,,,,,
31562247,"The Fix (Amos Decker, #3)",David Baldacci,"Baldacci, David",,"=""""","=""""",4,4.16,Grand Central Publishing,Kindle Edition,434,2017,2017,2017/01/01,2017/11/14,,,read,,,,1,,,0,,,,,
28257707,The Subtle Art of Not Giving a F*ck: A Counterintuitive Approach to Living a Good Life,Mark Manson,"Manson, Mark",,"=""""","=""""",2,3.92,Harper,ebook,224,2016,2016,2017/10/01,2017/10/26,,,read,,,,1,,,0,,,,,
4898,Blue Ocean Strategy: How to Create Uncontested Market Space and Make the Competition Irrelevant,W. Chan Kim,"Kim, W. Chan",Renée Mauborgne,"=""1591396190""","=""9781591396192""",4,3.97,Harvard Business Review Press,Hardcover,240,2005,1994,2017/10/01,2017/11/04,,,read,,,,1,,,0,,,,,
102733,One Past Midnight: The Langoliers,Stephen King,"King, Stephen",Willem Dafoe,"=""0453007449""","=""9780453007443""",5,3.90,Penguin/HighBridge Audio,Audio Cassette,9,1990,1989,,2017/11/02,fiction,fiction (#3),read,,,,1,,,0,,,,,
133267,Three Past Midnight: The Library Policeman,Stephen King,"King, Stephen",Ken Howard,"=""0453007481""","=""9780453007481""",4,3.87,Highbridge Audio,Audio Cassette,540,1991,1990,,2017/11/02,fiction,fiction (#4),read,,,,1,,,0,,,,,
133266,Four Past Midnight,Stephen King,"King, Stephen",,"=""""","=""""",4,3.94,New English Library,Mass Market Paperback,930,1991,1990,,2017/11/01,fiction,fiction (#1),read,,,,1,,,0,,,,,
133268,"Two Past Midnight: Secret Window, Secret Garden",Stephen King,"King, Stephen",James Woods,"=""0453007465""","=""9780453007467""",3,3.94,Highbridge Audio,Audio Cassette,140,1991,1991,,2017/11/02,fiction,fiction (#2),read,,,,1,,,0,,,,,
33449,The 22 Immutable Laws of Marketing: Violate Them at Your Own Risk,Al Ries,"Ries, Al",Jack Trout,"=""0887306667""","=""9780887306662""",5,4.04,Harper Business,Paperback,143,1994,1993,2017/01/01,2017/11/01,,,read,,,,1,,,0,,,,,
25159062,Narconomics: How to Run a Drug Cartel,Tom Wainwright,"Wainwright, Tom",,"=""1610395832""","=""9781610395830""",4,4.16,PublicAffairs,Hardcover,288,2016,2016,2017/01/01,2017/11/01,,,read,,,,1,,,0,,,,,
15751404,"David and Goliath: Underdogs, Misfits, and the Art of Battling Giants",Malcolm Gladwell,"Gladwell, Malcolm",,"=""0316204366""","=""9780316204361""",4,3.95,"Little, Brown and Company",Hardcover,305,2013,2013,2017/01/01,2017/10/26,,,read,,,,1,,,0,,,,,
10127019,The Lean Startup: How Today's Entrepreneurs Use Continuous Innovation to Create Radically Successful Businesses,Eric Ries,"Ries, Eric",,"=""0307887898""","=""9780307887894""",3,4.10,Currency,Hardcover,299,2011,2011,2017/01/01,2017/10/26,,,read,,,,1,,,0,,,,,
10534,The Art of War,Sun Tzu,"Tzu, Sun","Thomas Cleary, Pulat Otkan","=""""","=""""",3,3.97,Harper Press,Paperback,273,2005,-500,2017/01/01,2017/10/26,,,read,,,,1,,,0,,,,,
3228917,Outliers: The Story of Success,Malcolm Gladwell,"Gladwell, Malcolm",,"=""0316017922""","=""9780316017923""",4,4.17,"Little, Brown and Company",Hardcover,309,2008,2008,2017/01/01,2017/10/27,,,read,,,,1,,,0,,,,,
2612,The Tipping Point: How Little Things Can Make a Big Difference,Malcolm Gladwell,"Gladwell, Malcolm",,"=""0316346624""","=""9780316346627""",5,3.98,Back Bay Books,Paperback,301,2002,2000,2017/01/01,2017/10/26,,,read,,,,1,,,0,,,,,
